category_name,action_name,request_count,average_latency_ms,early_termination_count
benign,allow,11,0.58,0
context-smuggling,allow,3,0.524,0
context-smuggling,redact,4,0.585,0
context-smuggling,block,1,0.212,0
encoding-trick,allow,2,0.74,0
encoding-trick,redact,3,0.676,1
encoding-trick,block,3,0.207,0
instruction-override,allow,1,0.451,0
instruction-override,redact,6,0.586,0
instruction-override,block,1,0.203,0
multi-turn-ramp,allow,2,0.486,0
multi-turn-ramp,redact,4,0.669,0
multi-turn-ramp,block,1,0.23,0
prefix-injection,allow,2,0.423,0
prefix-injection,redact,4,0.494,1
prefix-injection,block,3,0.183,0
role-play,allow,3,0.501,0
role-play,warn,2,1.281,0
role-play,redact,4,0.65,0
role-play,block,1,0.992,0
