pipeline_run_id,start_time,end_time,watermark_start,watermark_end,source_count,valid_count,rejected_count,duplicate_count,filtered_count,loaded_count,unexplained_count,status,error_message
0747e10c-66f3-40af-b3a5-e8273b6c2d53,2026-10-06T23:37:16.942562+00:00,,,,0,0,0,0,0,0,0,RUNNING,
c394a8d9-8d37-4d4b-b599-f6049511ca02,2026-10-06T23:38:01.638989+00:00,2026-10-06T23:38:01.641794+00:00,,,0,0,0,0,0,0,0,SUCCESS,
34388b5d-07c0-47ec-b16a-b19bb157aa8b,2026-10-06T23:38:01.645002+00:00,,,,0,0,0,0,0,0,0,RUNNING,
0015ec2b-a9d3-473a-9ecf-3d7f54bc828a,2026-10-06T23:38:01.647954+00:00,2026-10-06T23:38:01.653795+00:00,,59,60,60,0,0,0,60,0,SUCCESS,
a18637f0-d56a-4079-9d46-57e6a3cc5bce,2026-10-06T23:38:01.657300+00:00,2026-10-06T23:38:01.660045+00:00,,,0,0,0,0,0,0,0,FAILED,Test pipeline failure
1516fa51-7c2c-49fb-8a7d-3c010a9021ac,2026-10-06T23:38:01.663408+00:00,,,,60,0,0,0,0,0,0,RUNNING,
08acbe1b-bd40-45c4-b1e5-8cd0d326219c,2026-10-06T23:38:01.669608+00:00,,,,0,0,0,0,0,0,0,RUNNING,
e6bc4d06-23c9-41bc-bb0b-3b2ddd1289c1,2026-10-06T23:38:01.673278+00:00,,,,0,0,0,0,0,0,0,RUNNING,
fbeff931-3d81-4ee9-973f-7d017ac87cf8,2026-10-06T23:38:07.224252+00:00,2026-10-06T23:38:07.227089+00:00,,,0,0,0,0,0,0,0,SUCCESS,
8e5e8430-394a-4b1b-87c8-e6d16634a92d,2026-10-06T23:38:07.230298+00:00,,,,0,0,0,0,0,0,0,RUNNING,
49b526f3-564c-45b8-89da-e26e2b428373,2026-10-06T23:38:07.233334+00:00,2026-10-06T23:38:07.238704+00:00,,59,60,60,0,0,0,60,0,SUCCESS,
78725533-12e2-469b-9515-6d983e3fed4f,2026-10-06T23:38:07.241628+00:00,2026-10-06T23:38:07.244577+00:00,,,0,0,0,0,0,0,0,FAILED,Test pipeline failure
14cabeac-797e-448e-bf7f-118ffefa6e1c,2026-10-06T23:38:07.247673+00:00,,,,60,0,0,0,0,0,0,RUNNING,
0ae8e604-1de7-4059-9ea8-dc95a489795a,2026-10-06T23:38:07.253552+00:00,,,,0,0,0,0,0,0,0,RUNNING,
756216e7-2791-459e-bf94-62f3fc332585,2026-10-06T23:38:07.257201+00:00,,,,0,0,0,0,0,0,0,RUNNING,
b6d6d2f7-026c-4c74-9802-21a380850b36,2026-10-06T23:39:30.825490+00:00,2026-10-07T00:27:38.128598+00:00,,59,60,60,0,0,0,60,0,SUCCESS,
5c07922b-1770-4450-a543-7bf5c07ddeb3,2026-10-06T23:41:11.919975+00:00,2026-10-06T23:41:11.923322+00:00,,,0,0,0,0,0,0,0,SUCCESS,
8e3c22d5-2e9e-49d4-8642-0a968a1d3a0e,2026-10-06T23:41:11.927342+00:00,,,,0,0,0,0,0,0,0,RUNNING,
36b1df0e-3470-4d38-b842-7c24a2e67712,2026-10-06T23:41:11.931638+00:00,2026-10-06T23:41:11.938946+00:00,,59,60,60,0,0,0,60,0,SUCCESS,
df4c8714-ba8e-44b0-a2d8-e174e868ced5,2026-10-06T23:41:11.947104+00:00,2026-10-06T23:41:11.950258+00:00,,,0,0,0,0,0,0,0,FAILED,Test pipeline failure
897d0fbe-e193-4055-a773-22eebe4c76f3,2026-10-06T23:41:11.953934+00:00,,,,60,0,0,0,0,0,0,RUNNING,
86f73741-dde4-4dcf-8fba-1cf8369b765d,2026-10-06T23:41:11.960646+00:00,,,,0,0,0,0,0,0,0,RUNNING,
5d472729-dbbd-48bd-b0d8-d2887fac8899,2026-10-06T23:41:11.964439+00:00,,,,0,0,0,0,0,0,0,RUNNING,
8df5fe88-3ff8-4c82-8bb3-9ecfc6f548bd,2026-10-07T00:11:24.492764+00:00,2026-10-07T00:11:24.495711+00:00,,,0,0,0,0,0,0,0,SUCCESS,
62fa0949-5e10-4dea-a574-3badb44e7996,2026-10-07T00:11:24.498790+00:00,,,,0,0,0,0,0,0,0,RUNNING,
56029c83-3f69-4ba1-bffc-804f67b29755,2026-10-07T00:11:24.501738+00:00,2026-10-07T00:11:24.508789+00:00,,59,60,60,0,0,0,60,0,SUCCESS,
00ac1d4b-d841-48ce-8ff9-e071c0eb5859,2026-10-07T00:11:24.512315+00:00,2026-10-07T00:11:24.515114+00:00,,,0,0,0,0,0,0,0,FAILED,Test pipeline failure
034b197f-9fbe-45e8-a63d-d8deebd1fa3d,2026-10-07T00:11:24.518140+00:00,,,,60,0,0,0,0,0,0,RUNNING,
32a45a93-bb54-47ee-97a2-bc9bf550fd80,2026-10-07T00:11:24.524192+00:00,,,,0,0,0,0,0,0,0,RUNNING,
d818aec7-91a7-4842-91d8-5a2da3a8ea2e,2026-10-07T00:11:24.528034+00:00,,,,0,0,0,0,0,0,0,RUNNING,
f7316380-4d38-4384-8622-374ddbbcaf83,2026-10-07T00:20:10.212591+00:00,2026-10-07T00:20:10.215629+00:00,,,0,0,0,0,0,0,0,SUCCESS,
cb6eab33-bee7-4abd-8fe7-d5fba07c5a58,2026-10-07T00:20:10.218872+00:00,,,,0,0,0,0,0,0,0,RUNNING,
d2565061-eeeb-49db-a0c3-c9c119044a4a,2026-10-07T00:20:10.221994+00:00,2026-10-07T00:20:10.227298+00:00,,59,60,60,0,0,0,60,0,SUCCESS,
bdfc0cc7-ccb5-4465-892f-d7296a7b983a,2026-10-07T00:20:10.230505+00:00,2026-10-07T00:20:10.233483+00:00,,,0,0,0,0,0,0,0,FAILED,Test pipeline failure
5c15f576-d1f4-4640-a685-75a90a06ea8b,2026-10-07T00:20:10.236582+00:00,,,,60,0,0,0,0,0,0,RUNNING,
24a0b3a4-616f-4567-b80c-0fa58c2d73ef,2026-10-07T00:20:10.243187+00:00,,,,0,0,0,0,0,0,0,RUNNING,
70fcfabc-61a7-4c65-8eb5-69a28696a724,2026-10-07T00:20:10.247032+00:00,,,,0,0,0,0,0,0,0,RUNNING,
ffee20e5-bdff-4f0d-9812-98a002c158f9,2026-10-07T00:24:35.928991+00:00,2026-10-07T00:24:35.931755+00:00,,,0,0,0,0,0,0,0,SUCCESS,
5415fa06-9128-4236-9f87-0485ae86b42c,2026-10-07T00:24:35.934960+00:00,,,,0,0,0,0,0,0,0,RUNNING,
1cc3413d-b6e6-45f7-8850-22b3de7cf4ef,2026-10-07T00:24:35.937977+00:00,2026-10-07T00:24:35.943171+00:00,,59,60,60,0,0,0,60,0,SUCCESS,
a6b357e2-c7ea-4e9f-be0b-5cc92bdd5404,2026-10-07T00:24:35.946358+00:00,2026-10-07T00:24:35.949281+00:00,,,0,0,0,0,0,0,0,FAILED,Test pipeline failure
2f402505-a2c0-4315-859b-9a7e38e6d9a6,2026-10-07T00:24:35.952756+00:00,,,,60,0,0,0,0,0,0,RUNNING,
a6f57f51-77ff-4d79-b8d7-6633031b1929,2026-10-07T00:24:35.959298+00:00,,,,0,0,0,0,0,0,0,RUNNING,
e53faf5f-da41-4402-917c-43d4ed4b55d8,2026-10-07T00:24:35.963945+00:00,,,,0,0,0,0,0,0,0,RUNNING,
91eeaf23-68c5-4dd9-b216-362e68bc2916,2026-10-07T00:30:20.983966+00:00,2026-10-07T00:30:20.987465+00:00,59,59,0,0,0,0,0,0,0,SUCCESS,
b7ea2186-aab9-4460-96df-62d646a65bc6,2026-10-07T00:32:58.271741+00:00,2026-10-07T00:32:58.289049+00:00,59,60,1,1,0,0,0,1,0,SUCCESS,
